{"name":"BebidaBool","identifier":"HDVNEKP6GO","description":null,"slotTypeValues":[{"sampleValue":{"value":"Si"},"synonyms":[{"value":"Chi"},{"value":"Esta bien"},{"value":"Va que va"},{"value":"Va"},{"value":"Por favor"},{"value":"Sip"}]},{"sampleValue":{"value":"No"},"synonyms":[{"value":"Ño"},{"value":"Nop"},{"value":"Nel"},{"value":"Nelson"},{"value":"Nel pastel"},{"value":"Safo"},{"value":"No gracias"}]}],"parentSlotTypeSignature":null,"valueSelectionSetting":{"regexFilter":null,"resolutionStrategy":"TOP_RESOLUTION"}}