{"name":"Bebida","identifier":"RD6BS3DMO3","description":null,"slotTypeValues":[{"sampleValue":{"value":"Cerveza"},"synonyms":[{"value":"cheve"},{"value":"chela"},{"value":"Michelada"},{"value":"cerveza de barril"},{"value":"barril"},{"value":"botella"},{"value":"Litro"},{"value":"Michelato"},{"value":"barril de cerveza"},{"value":"botella de cerveza"},{"value":"litro de cerveza"}]},{"sampleValue":{"value":"Agua"},"synonyms":[{"value":"Agua de jamaica"},{"value":"Jamaica"},{"value":"Horchata"},{"value":"Agua de horchata"},{"value":"Agua natural"},{"value":"Agua simple"}]},{"sampleValue":{"value":"Refresco"},"synonyms":[{"value":"Coca cola"},{"value":"Pepsi"},{"value":"Sprite"},{"value":"Fanta"},{"value":"Manzanita"},{"value":"Delawere punch"}]},{"sampleValue":{"value":"Sin bebida"},"synonyms":null}],"parentSlotTypeSignature":null,"valueSelectionSetting":{"regexFilter":null,"resolutionStrategy":"TOP_RESOLUTION"}}