{"name":"Comida","identifier":"HMUMRF2XDJ","description":null,"slotTypeValues":[{"sampleValue":{"value":"Alambre"},"synonyms":[{"value":"Alambres"},{"value":"Alambre vegetariano"},{"value":"Alambre de pechuga"},{"value":"Alambre de bistec"},{"value":"Alambre de pollo"},{"value":"Alambre de chuleta"},{"value":"Alambre de costilla"},{"value":"Alambre de arrachera"}]},{"sampleValue":{"value":"Costra"},"synonyms":[{"value":"Costras"},{"value":"Costra de pastor"},{"value":"Costra de pechuga"},{"value":"Costra de pollo"},{"value":"Costra de bistec"}]},{"sampleValue":{"value":"Volcán"},"synonyms":[{"value":"Volcanes"},{"value":"Volcán de pastor"},{"value":"Volcán de pollo"},{"value":"volcán de pechuga"},{"value":"Volcán de bistec"}]},{"sampleValue":{"value":"Torta"},"synonyms":[{"value":"Tortas"},{"value":"Torta de pastor"},{"value":"Torta de Maciza"},{"value":"Torta de suadero"},{"value":"Torta de longaniza"},{"value":"Torta de pollo"},{"value":"Torta de pechuga"},{"value":"Torta de bistec"},{"value":"Torta de chuleta"}]},{"sampleValue":{"value":"Postre"},"synonyms":[{"value":"Arroz con leches"},{"value":"Pastel "},{"value":"de chocholate"},{"value":"Fresas con crema"},{"value":"Gelatina"},{"value":"Flan"}]}],"parentSlotTypeSignature":null,"valueSelectionSetting":{"regexFilter":null,"resolutionStrategy":"TOP_RESOLUTION"}}